ADM0001,admin,admin123,Admin
SM0001,jacob,jacob123,Sales_Manager
SM0002,Kaizer,kaizer321,Sales_Manager
PM0001,Gigay,Gigay123,Purchase_Manager
PM0002,Bombard,bombard123,Purchase_Manager
SM0003,harrier,harrier901,Sales_Manager
